t_ns,ch1_V,ch2_V
-514.046,nan,3.075
-512.484,nan,3.075
-510.960,nan,3.065
-509.358,nan,3.075
-507.815,nan,3.070
-517.988,nan,nan
-516.411,nan,nan
-514.834,nan,nan
-513.258,nan,nan
-511.681,nan,nan
-510.105,nan,nan
-508.528,nan,nan
-506.952,nan,nan
-493.750,nan,3.070
-503.798,nan,nan
-502.222,nan,nan
-489.062,nan,3.070
-487.499,nan,3.070
-497.492,nan,nan
-495.916,nan,nan
-494.339,nan,nan
-492.762,nan,nan
-491.186,nan,nan
-489.609,nan,nan
-488.033,nan,nan
-486.456,nan,nan
-484.880,nan,nan
-471.853,nan,3.075
-470.253,nan,3.085
-493.904,-0.005,nan
-478.573,nan,nan
-476.997,nan,nan
-464.077,nan,3.065
-487.531,-0.005,nan
-472.267,nan,nan
-470.690,nan,nan
-469.114,nan,nan
-467.537,nan,nan
-465.961,nan,nan
-464.384,nan,nan
-462.808,nan,nan
-461.231,nan,nan
-448.431,nan,3.070
-446.869,nan,3.070
-456.501,nan,nan
-443.725,nan,3.075
-442.144,nan,3.080
-440.581,nan,3.080
-439.018,nan,3.080
-437.456,nan,3.080
-435.893,nan,3.080
-434.330,nan,3.080
-432.768,nan,3.080
-431.205,nan,3.080
-429.642,nan,3.080
-428.080,nan,3.080
-426.517,nan,3.080
-424.954,nan,3.080
-423.392,nan,3.080
-421.829,nan,3.080
-420.266,nan,3.080
-429.700,nan,nan
-428.123,nan,nan
-415.632,nan,3.065
-414.051,nan,3.070
-423.393,nan,nan
-410.980,nan,3.055
-409.417,nan,3.055
-407.854,nan,3.055
-406.292,nan,3.055
-404.729,nan,3.055
-403.166,nan,3.055
-401.603,nan,3.055
-400.040,nan,3.055
-398.442,nan,3.065
-396.861,nan,3.070
-395.281,nan,3.075
-393.736,nan,3.070
-392.173,nan,3.070
-390.611,-0.016,3.070
-389.048,-0.016,3.070
-387.485,nan,3.070
-385.887,-0.016,3.080
-384.325,-0.016,3.080
-382.762,nan,3.080
-381.199,nan,3.080
-379.637,nan,3.080
-378.074,nan,3.080
-376.511,nan,3.080
-374.948,nan,3.080
-373.386,nan,3.080
-371.823,nan,3.080
-370.260,nan,3.080
-368.698,nan,3.080
-367.135,nan,3.080
-365.572,nan,3.080
-364.010,-0.005,3.080
-362.447,nan,3.080
-360.884,nan,3.080
-359.322,nan,3.080
-357.759,nan,3.080
-356.179,nan,3.085
-354.617,nan,3.085
-353.054,nan,3.085
-351.491,nan,3.085
-349.929,nan,3.085
-348.366,nan,3.085
-346.803,nan,3.085
-345.241,nan,3.085
-343.678,nan,3.085
-342.132,nan,3.080
-340.570,nan,3.080
-339.007,nan,3.080
-337.444,nan,3.080
-335.898,nan,3.075
-334.369,nan,3.065
-355.324,-0.016,nan
-341.411,nan,nan
-352.102,-0.005,nan
-328.102,nan,3.070
-326.522,nan,3.075
-324.909,nan,3.090
-345.729,-0.005,nan
-321.784,-0.011,3.090
-320.205,nan,3.095
-318.626,nan,3.100
-317.080,nan,3.095
-315.550,nan,3.085
-313.987,nan,3.085
-322.493,nan,nan
-310.879,nan,3.080
-309.316,nan,3.080
-307.770,nan,3.075
-306.224,nan,3.070
-304.661,nan,3.070
-303.098,-0.005,3.070
-301.535,nan,3.070
-309.880,nan,nan
-298.410,nan,3.070
-296.847,nan,3.070
-295.268,-0.005,3.075
-293.722,nan,3.070
-292.159,nan,3.070
-290.580,nan,3.075
-289.017,nan,3.075
-287.455,nan,3.075
-285.892,-0.005,3.075
-284.329,-0.005,3.075
-282.750,-0.005,3.080
-281.188,-0.005,3.080
-279.625,-0.005,3.080
-278.062,-0.005,3.080
-276.500,-0.005,3.080
-274.937,-0.005,3.080
-273.374,nan,3.080
-271.812,nan,3.080
-270.249,nan,3.080
-268.686,nan,3.080
-267.124,nan,3.080
-265.561,nan,3.080
-263.998,nan,3.080
-272.042,nan,nan
-270.466,nan,nan
-268.889,nan,nan
-257.748,-0.005,3.080
-256.185,-0.005,3.080
-254.622,-0.005,3.080
-253.060,-0.005,3.080
-251.497,-0.005,3.080
-249.903,-0.005,3.090
-248.340,-0.005,3.090
-246.793,-0.005,3.085
-245.246,-0.005,3.080
-243.668,-0.005,3.085
-242.121,nan,3.080
-240.527,nan,3.090
-238.995,nan,3.080
-237.417,nan,3.085
-235.886,nan,3.075
-234.323,nan,3.075
-232.745,nan,3.080
-231.182,nan,3.080
-229.619,nan,3.080
-228.057,nan,3.080
-226.509,nan,3.075
-224.947,nan,3.075
-223.414,nan,3.065
-221.852,nan,3.065
-220.289,nan,3.065
-218.726,nan,3.065
-217.163,nan,3.065
-215.601,nan,3.065
-214.038,nan,3.065
-212.475,nan,3.065
-210.912,nan,3.065
-209.350,nan,3.065
-207.787,nan,3.065
-206.224,nan,3.065
-204.661,-0.005,3.065
-203.099,nan,3.065
-201.536,nan,3.065
-199.973,-0.005,3.065
-198.410,nan,3.065
-196.833,nan,3.070
-195.270,nan,3.070
-193.707,-0.026,3.070
-192.130,-0.016,3.075
-190.567,-0.011,3.075
-189.005,-0.011,3.075
-187.442,nan,3.075
-185.894,nan,3.070
-184.331,nan,3.070
-182.768,nan,3.070
-181.220,nan,3.065
-188.484,nan,nan
-186.907,nan,nan
-176.532,nan,3.065
-174.955,nan,3.070
-173.363,nan,3.080
-171.800,nan,3.080
-170.238,nan,3.080
-168.675,nan,3.080
-167.127,nan,3.075
-165.593,nan,3.065
-164.030,nan,3.065
-162.467,nan,3.065
-160.919,nan,3.060
-159.370,nan,3.055
-157.779,nan,3.065
-156.202,nan,3.070
-154.654,nan,3.065
-153.091,nan,3.065
-151.500,nan,3.075
-149.923,nan,3.080
-148.346,nan,3.085
-146.783,nan,3.085
-145.221,nan,3.085
-143.658,nan,3.085
-142.095,nan,3.085
-140.533,nan,3.085
-138.970,nan,3.085
-137.407,nan,3.085
-135.873,-0.026,3.075
-134.310,-0.021,3.075
-132.747,-0.011,3.075
-131.185,-0.026,3.075
-129.650,-0.026,3.065
-128.087,nan,3.065
-126.524,nan,3.065
-124.961,nan,3.065
-123.399,nan,3.065
-121.836,nan,3.065
-120.273,nan,3.065
-118.710,nan,3.065
-117.120,nan,3.075
-115.544,nan,3.080
-113.981,nan,3.080
-112.419,nan,3.080
-110.856,nan,3.080
-109.293,nan,3.080
-107.731,nan,3.080
-106.154,nan,3.085
-104.619,nan,3.075
-103.056,nan,3.075
-101.493,nan,3.075
-99.957,nan,3.065
-98.395,nan,3.065
-96.832,nan,3.065
-95.269,-0.016,3.065
-93.706,nan,3.065
-92.117,-0.005,3.075
-90.554,nan,3.075
-88.992,nan,3.075
-87.429,-0.011,3.075
-85.866,nan,3.075
-84.304,-0.016,3.075
-82.715,nan,3.085
-81.178,nan,3.075
-79.602,nan,3.080
-78.040,nan,3.080
-76.425,nan,3.100
-74.875,nan,3.095
-73.299,nan,3.100
-71.737,-0.016,3.100
-70.226,-0.021,3.080
-68.664,-0.016,3.080
-67.101,-0.016,3.080
-82.879,-0.021,nan
-63.963,nan,3.085
-62.451,nan,3.065
-60.889,nan,3.065
-59.326,nan,3.065
-57.763,nan,3.065
-56.200,-0.016,3.065
-54.638,-0.011,3.065
-53.075,-0.005,3.065
-51.512,-0.005,3.065
-49.949,nan,3.065
-48.387,-0.016,3.065
-46.824,nan,3.065
-45.211,-0.005,3.085
-43.636,-0.011,3.090
-42.048,-0.016,3.100
-40.498,-0.016,3.095
-38.973,-0.016,3.080
-37.410,-0.011,3.080
-52.592,-0.016,nan
-50.986,-0.011,nan
-49.406,-0.016,nan
-31.197,-0.016,3.065
-46.219,-0.016,nan
-44.626,-0.016,nan
-43.045,-0.021,nan
-32.403,nan,nan
-23.370,nan,3.070
-21.795,nan,3.075
-20.245,nan,3.070
-18.695,nan,3.065
-24.520,nan,nan
-15.569,nan,3.065
-14.006,nan,3.065
-12.444,nan,3.065
-18.214,nan,nan
-9.427,nan,3.019
-15.061,nan,nan
-6.217,nan,3.055
-5.075,nan,2.877
-10.331,nan,nan
-2.032,nan,2.841
-0.612,nan,2.780
-5.602,nan,nan
1.824,nan,2.485
-2.448,nan,nan
4.216,nan,2.169
6.710,nan,2.566
6.493,nan,1.803
8.691,0.030,2.073
8.977,0.452,1.523
10.108,0.244,1.335
11.395,0.814,1.213
13.450,0.488,1.421
13.520,1.251,0.775
14.455,1.277,0.500
16.065,1.689,0.516
18.181,1.964,0.750
18.342,2.167,0.139
15.292,1.750,nan
21.658,2.640,0.210
22.777,nan,nan
23.897,2.462,-0.186
25.930,nan,nan
27.507,nan,nan
29.083,nan,nan
28.704,nan,-0.843
30.378,nan,-0.802
31.877,nan,-0.838
33.434,nan,-0.848
35.107,nan,-0.807
36.641,nan,-0.827
38.798,nan,-0.573
40.928,nan,-0.329
42.243,nan,-0.446
43.890,nan,-0.415
45.469,nan,-0.415
47.309,nan,-0.298
49.125,nan,-0.191
51.381,nan,0.114
52.732,nan,nan
54.792,nan,0.231
56.267,nan,0.185
57.461,nan,nan
59.698,nan,0.312
61.273,3.485,0.312
62.870,nan,0.322
64.468,3.470,0.333
66.032,nan,0.327
67.529,3.429,0.292
69.127,3.414,0.302
70.074,nan,nan
71.122,3.368,nan
73.502,3.286,0.139
75.143,3.312,0.170
76.610,nan,0.119
78.066,nan,0.063
79.533,nan,0.012
81.197,3.113,0.053
82.708,nan,0.022
84.274,nan,0.017
85.840,nan,0.012
87.427,2.986,0.017
89.014,2.442,0.022
90.666,nan,0.058
92.279,2.228,0.078
93.749,nan,0.043
95.438,1.938,0.114
96.929,nan,0.088
98.513,nan,0.109
100.066,nan,0.114
101.630,1.709,0.124
103.172,nan,0.124
104.715,1.684,0.124
106.237,1.236,0.114
107.780,1.017,0.114
109.282,0.768,0.093
110.660,nan,nan
112.224,0.707,0.022
113.583,0.366,-0.069
108.883,0.442,nan
109.734,0.096,nan
117.949,0.045,-0.202
119.574,0.101,-0.161
121.077,-0.041,-0.181
122.337,-0.234,-0.324
123.962,nan,-0.283
125.385,-0.143,-0.344
126.950,nan,-0.334
128.403,-0.519,-0.380
129.998,-0.412,-0.354
131.482,-0.489,-0.385
133.027,-0.545,-0.385
134.551,nan,-0.395
136.096,-0.550,-0.395
137.690,-0.585,-0.370
139.195,nan,-0.390
140.859,nan,-0.329
142.423,nan,-0.319
144.007,nan,-0.298
145.590,-0.555,-0.278
147.213,nan,-0.237
148.787,-0.489,-0.222
150.399,nan,-0.186
152.002,-0.423,-0.156
153.614,nan,-0.120
155.148,-0.458,-0.125
156.789,nan,-0.074
158.284,-0.336,-0.100
159.943,nan,-0.039
154.264,-0.224,nan
163.117,-0.245,0.007
164.670,nan,0.012
166.242,nan,0.027
167.766,-0.077,0.017
169.366,nan,0.048
170.900,-0.112,0.043
172.462,nan,0.053
173.995,-0.011,0.048
175.538,nan,0.048
177.081,nan,0.048
178.624,nan,0.048
180.148,nan,0.037
181.644,0.081,0.012
183.168,0.086,0.002
184.730,nan,nan
186.292,0.086,0.022
181.279,0.091,nan
182.835,0.091,nan
184.390,0.091,nan
185.946,0.091,nan
187.501,0.091,nan
189.057,0.091,nan
196.964,0.091,-0.049
198.489,0.091,-0.059
200.014,0.071,-0.069
201.567,0.076,-0.064
203.101,0.066,-0.069
204.626,0.051,-0.080
206.160,0.056,-0.085
207.704,nan,-0.085
209.247,nan,-0.085
210.781,0.015,-0.090
212.334,nan,-0.085
213.868,nan,-0.090
215.403,-0.016,-0.095
216.946,nan,-0.095
218.481,nan,-0.100
220.024,nan,-0.100
221.559,nan,-0.105
223.102,-0.036,-0.105
224.637,-0.066,-0.110
226.189,-0.056,-0.105
227.742,-0.066,-0.100
229.294,-0.056,-0.095
230.847,-0.066,-0.090
232.390,-0.082,-0.090
233.942,nan,-0.085
235.486,nan,-0.085
237.029,-0.082,-0.085
238.573,nan,-0.085
240.107,nan,-0.090
241.660,-0.087,-0.085
243.194,-0.082,-0.090
244.747,-0.082,-0.085
246.325,nan,-0.064
247.894,-0.077,-0.049
249.550,nan,0.017
251.093,-0.087,0.017
252.800,nan,0.114
254.369,nan,0.129
256.203,nan,0.302
258.216,-0.112,0.582
260.481,-0.133,1.014
262.089,-0.128,1.055
264.745,-0.148,1.727
267.638,-0.168,2.546
268.853,nan,2.352
270.112,-0.239,2.185
272.975,nan,2.994
275.147,nan,3.385
277.588,-0.250,3.945
279.085,-0.250,3.925
280.639,nan,3.940
282.160,-0.265,3.935
283.755,nan,3.976
285.219,nan,3.935
286.708,nan,3.909
288.164,nan,3.864
277.454,-0.072,nan
291.159,-0.087,3.823
286.577,nan,nan
282.106,-0.082,nan
295.394,nan,3.599
285.410,0.035,nan
292.749,nan,nan
299.425,nan,3.243
295.835,nan,nan
302.353,nan,3.156
304.021,nan,3.243
305.370,nan,3.126
306.910,nan,3.131
308.315,nan,3.050
305.094,nan,nan
311.309,nan,3.004
308.180,nan,nan
309.723,nan,nan
315.743,nan,2.897
317.229,0.198,2.866
309.003,0.198,nan
315.896,nan,nan
321.790,nan,2.841
323.331,nan,2.846
324.864,0.142,2.846
326.420,0.066,2.861
328.008,nan,2.897
325.155,nan,nan
326.698,nan,nan
332.637,nan,2.917
324.249,-0.000,nan
335.726,-0.021,2.933
327.313,-0.031,nan
328.854,-0.041,nan
335.957,nan,nan
342.032,nan,3.050
339.043,nan,nan
345.067,-0.097,3.029
336.534,-0.107,nan
338.074,-0.117,nan
349.769,-0.128,3.100
351.324,-0.133,3.116
342.713,-0.138,nan
344.269,-0.138,nan
355.913,-0.128,3.111
357.460,-0.128,3.121
348.961,-0.122,nan
360.496,-0.128,3.100
352.081,-0.117,nan
363.546,-0.112,3.090
355.201,-0.112,nan
356.757,-0.112,nan
358.329,-0.102,nan
359.885,-0.102,nan
371.193,-0.097,3.080
363.049,-0.066,nan
364.605,-0.066,nan
366.147,-0.077,nan
377.302,nan,3.065
378.813,nan,3.050
380.338,nan,3.044
381.878,nan,3.050
383.411,nan,3.050
384.943,nan,3.050
386.490,nan,3.060
388.036,-0.031,3.070
389.569,-0.026,3.070
391.094,nan,3.065
392.627,nan,3.065
394.173,-0.021,3.075
395.706,-0.005,3.075
397.238,-0.021,3.075
389.574,-0.016,nan
400.296,-0.016,3.070
392.693,-0.011,nan
403.327,-0.005,3.044
404.894,-0.011,3.070
406.406,-0.016,3.055
407.952,-0.031,3.065
409.485,-0.011,3.065
411.017,-0.016,3.065
412.523,-0.021,3.044
405.127,-0.021,nan
415.594,-0.021,3.050
408.252,-0.011,nan
409.794,-0.021,nan
419.926,nan,2.846
421.387,nan,2.790
422.420,nan,2.403
420.828,nan,nan
425.815,nan,2.637
427.010,nan,2.368
427.773,nan,1.762
429.131,nan,1.615
430.544,nan,1.508
432.022,nan,1.452
433.488,nan,1.386
434.020,nan,0.587
436.190,nan,1.070
436.399,nan,nan
438.679,0.183,0.582
439.503,0.178,0.002
440.888,0.183,-0.135
442.658,0.183,0.032
443.274,nan,-0.721
444.754,0.193,-0.787
446.405,0.162,-0.716
447.829,0.081,-0.827
449.266,0.045,-0.929
450.811,nan,-0.944
452.337,0.081,-0.975
453.882,nan,-0.990
455.439,-0.133,-0.995
457.064,-0.097,-0.944
458.737,-0.077,-0.853
460.258,-0.122,-0.889
462.014,-0.270,-0.726
463.805,nan,-0.532
465.516,-0.229,-0.405
466.957,-0.280,-0.507
468.661,-0.295,-0.385
470.433,-0.306,-0.202
471.922,nan,-0.263
473.605,nan,-0.156
475.425,nan,0.073
476.994,nan,0.083
478.518,nan,0.053
480.110,nan,0.083
481.759,nan,0.165
483.328,nan,0.175
484.874,-0.199,0.165
486.448,-0.168,0.180
488.011,nan,0.185
489.551,nan,0.170
486.822,-0.128,nan
492.666,-0.097,0.170
494.180,nan,0.129
495.716,nan,0.109
497.171,nan,nan
498.729,nan,nan
500.308,nan,0.032
501.845,nan,nan
503.403,nan,nan
504.909,nan,-0.039
502.807,0.061,nan
508.078,nan,nan
509.527,0.066,-0.095
507.544,0.066,nan
512.634,0.076,-0.105
510.710,0.076,nan
515.737,0.076,-0.120
517.286,0.071,-0.130
518.845,0.061,-0.130
520.404,nan,-0.130
518.571,0.051,nan
520.139,0.040,nan
525.100,nan,-0.110
526.664,0.035,-0.105
528.243,nan,-0.085
529.787,nan,-0.100
531.365,nan,-0.080
532.924,0.025,-0.080
534.497,nan,-0.064
536.055,-0.005,-0.064
534.299,-0.000,nan
535.857,-0.021,nan
540.801,nan,nan
542.359,nan,nan
543.918,nan,nan
545.407,nan,-0.064
547.034,nan,nan
548.592,nan,nan
546.866,-0.061,nan
551.709,nan,nan
553.267,nan,nan
554.825,nan,nan
553.219,-0.016,nan
557.942,nan,nan
559.500,nan,nan
560.976,nan,-0.085
562.616,nan,nan
564.094,nan,-0.085
565.644,nan,-0.095
567.203,nan,-0.095
568.762,nan,-0.095
570.329,nan,-0.085
571.880,nan,-0.095
570.564,-0.031,nan
572.142,-0.031,nan
576.641,nan,nan
578.199,nan,nan
579.757,nan,nan
581.252,nan,-0.069
582.819,nan,-0.059
584.377,-0.036,-0.059
585.936,nan,-0.059
587.498,nan,-0.054
589.053,nan,-0.059
590.665,nan,nan
592.167,nan,-0.064
593.729,-0.026,-0.059
592.667,-0.016,nan
596.824,nan,-0.090
598.383,-0.026,-0.090
599.938,nan,-0.095
601.511,-0.016,-0.074
600.556,-0.016,nan
602.134,-0.016,nan
603.712,-0.016,nan
605.290,-0.016,nan
609.305,-0.016,-0.074
610.860,nan,-0.080
612.412,nan,-0.090
613.971,nan,-0.090
615.523,nan,-0.100
617.082,-0.031,-0.100
618.644,-0.031,-0.095
620.206,-0.021,-0.090
621.771,nan,-0.080
623.330,nan,-0.080
624.895,nan,-0.069
626.451,nan,-0.074
628.062,nan,nan
629.562,nan,-0.085
631.114,nan,-0.095
632.679,nan,-0.085
634.238,-0.026,-0.085
635.797,-0.026,-0.085
637.355,nan,-0.085
638.914,-0.031,-0.085
640.479,nan,-0.074
642.035,-0.031,-0.080
643.599,-0.046,-0.069
645.158,nan,-0.069
646.716,-0.036,-0.069
648.275,-0.036,-0.069
649.834,nan,-0.069
651.392,-0.031,-0.069
652.951,nan,-0.069
654.510,-0.046,-0.069
656.068,-0.036,-0.069
657.625,nan,-0.074
659.183,-0.046,-0.074
660.737,-0.026,-0.085
662.296,-0.021,-0.085
663.849,-0.026,-0.095
665.408,-0.026,-0.095
666.967,-0.026,-0.095
668.526,-0.041,-0.095
670.082,-0.036,-0.100
671.639,nan,-0.105
673.195,-0.041,-0.110
674.754,-0.031,-0.110
676.315,-0.046,-0.105
677.881,-0.041,-0.090
679.437,-0.036,-0.095
681.005,nan,-0.074
682.562,nan,-0.080
684.122,nan,-0.074
685.683,nan,-0.069
687.242,-0.021,-0.069
688.801,nan,-0.069
690.363,-0.041,-0.059
691.922,-0.041,-0.059
693.481,-0.036,-0.059
695.041,-0.041,-0.054
695.227,-0.026,nan
698.160,nan,-0.049
699.715,nan,-0.059
701.274,nan,-0.059
702.830,-0.041,-0.064
704.387,nan,-0.069
705.946,-0.021,-0.069
707.505,nan,-0.069
709.063,-0.026,-0.069
710.620,-0.026,-0.074
712.177,-0.021,-0.080
713.736,nan,-0.080
715.293,nan,-0.085
716.852,nan,-0.085
718.408,-0.011,-0.095
719.966,-0.026,-0.095
721.525,-0.000,-0.095
723.083,-0.000,-0.100
724.639,-0.000,-0.110
726.231,nan,nan
727.790,nan,nan
729.317,nan,-0.105
730.877,nan,-0.100
732.437,nan,-0.095
733.996,nan,-0.095
735.555,nan,-0.095
737.139,nan,nan
738.697,nan,nan
740.232,nan,-0.090
741.814,nan,nan
743.352,nan,-0.080
744.912,nan,-0.074
746.488,nan,nan
748.027,nan,-0.085
749.605,nan,nan
751.163,nan,nan
752.713,nan,nan
754.253,nan,nan
755.981,nan,1.086
757.482,nan,0.887
758.872,nan,nan
760.519,nan,0.673
762.210,nan,1.650
763.776,-0.199,1.864
765.031,nan,nan
766.910,nan,2.358
768.433,nan,2.307
770.007,nan,2.632
771.582,nan,2.994
773.124,nan,3.116
774.640,nan,3.024
776.200,nan,3.314
777.749,nan,3.523
779.290,nan,3.670
780.429,nan,nan
782.346,nan,3.747
783.881,nan,3.864
785.407,nan,3.899
786.931,nan,3.909
788.451,nan,3.879
789.965,nan,3.757
791.489,nan,3.757
793.010,nan,3.721
794.523,nan,3.553
795.827,nan,nan
797.575,nan,3.619
799.089,nan,3.426
800.610,nan,3.345
802.127,nan,3.156
803.651,nan,3.085
805.177,nan,3.085
806.702,nan,3.034
808.227,nan,2.978
809.754,nan,2.973
811.279,nan,2.866
812.807,nan,2.861
814.334,nan,2.831
815.861,nan,2.821
817.389,nan,2.821
818.917,nan,2.821
820.444,0.045,2.815
821.972,nan,2.815
823.499,nan,2.826
825.027,nan,2.836
826.554,nan,2.866
828.081,nan,2.861
829.608,nan,2.887
831.135,nan,2.892
832.662,nan,2.912
834.188,-0.077,2.927
835.714,-0.092,2.953
837.241,-0.087,2.963
838.767,-0.112,2.983
840.293,-0.117,2.988
841.817,-0.122,3.034
843.344,-0.122,3.029
844.870,-0.122,3.044
846.396,-0.122,3.050
847.922,-0.122,3.060
849.448,-0.122,3.065
850.974,-0.117,3.070
852.501,-0.112,3.070
854.028,-0.107,3.065
855.554,-0.097,3.065
857.082,-0.092,3.060
858.608,-0.092,3.060
860.136,-0.077,3.050
861.663,nan,3.044
863.191,nan,3.039
864.717,nan,3.039
866.245,nan,3.034
867.771,nan,3.034
869.299,nan,3.029
870.826,nan,3.029
872.352,-0.021,3.029
873.879,nan,3.029
875.406,nan,3.029
876.933,nan,3.024
878.459,nan,3.029
879.987,0.005,3.024
881.514,nan,3.024
883.041,nan,3.024
884.567,nan,3.024
886.094,nan,3.024
887.620,nan,3.029
889.148,nan,3.024
890.673,nan,3.029
892.200,nan,3.029
893.727,-0.011,3.029
895.253,nan,3.034
896.778,nan,3.039
898.305,-0.000,3.039
899.833,nan,3.034
901.359,0.020,3.034
902.884,nan,3.044
904.410,nan,3.044
905.940,nan,3.034
907.464,nan,3.044
908.991,nan,3.044
910.521,nan,3.029
912.073,nan,2.933
913.579,nan,3.014
915.175,nan,2.760
916.713,nan,2.724
918.262,nan,2.648
919.836,nan,2.490
921.436,nan,2.246
922.996,nan,2.144
924.492,nan,2.261
926.068,0.142,2.108
927.721,nan,1.711
929.420,nan,1.182
931.329,nan,nan
932.834,nan,0.119
934.247,nan,0.500
936.014,nan,-0.186
937.688,nan,-0.578
939.230,nan,-0.578
940.824,0.127,-0.726
942.336,nan,-0.639
943.972,nan,-0.899
945.539,nan,-0.965
947.091,nan,-0.985
948.637,nan,-0.990
950.168,nan,-0.955
951.696,nan,-0.914
953.225,nan,-0.873
954.760,nan,-0.853
956.236,nan,-0.680
957.767,nan,-0.649
959.275,nan,-0.563
960.796,nan,-0.512
962.264,nan,-0.329
963.794,nan,-0.303
965.289,nan,-0.191
966.827,nan,-0.186
968.281,nan,0.017
969.815,nan,0.032
971.341,nan,0.063
972.881,nan,0.063
974.398,nan,0.114
975.930,nan,0.129
977.463,nan,0.144
978.995,nan,0.160
980.529,nan,0.170
982.068,nan,0.170
983.617,nan,0.149
985.164,nan,0.134
986.708,nan,0.124
988.259,nan,0.099
989.804,nan,0.088
991.358,-0.021,0.058
992.900,nan,0.053
994.455,nan,0.022
996.033,0.056,-0.054
997.581,nan,-0.069
999.126,0.071,-0.080
1000.680,0.071,-0.105
1002.233,0.076,-0.130
1003.774,0.076,-0.130
1005.314,0.076,-0.130
1006.852,0.081,-0.125
1008.395,0.081,-0.130
1009.935,0.081,-0.130
1011.473,0.066,-0.125
1014.911,0.071,nan
1014.557,0.061,-0.130
1016.097,nan,-0.130
1017.635,nan,-0.125
1019.175,nan,-0.125
1020.712,0.025,-0.120
1022.250,0.030,-0.115
1023.787,0.020,-0.110
1025.328,0.030,-0.110
1026.868,0.030,-0.110
1028.408,0.025,-0.110
1029.936,nan,-0.090
1031.477,nan,-0.090
1033.011,nan,-0.080
1034.557,nan,-0.090
1036.088,nan,-0.074
1037.625,nan,-0.069
1039.159,-0.041,-0.059
1040.705,-0.036,-0.069
1044.539,-0.046,nan
1043.785,-0.041,-0.069
1045.339,-0.041,-0.090
1049.207,-0.046,nan
1048.422,-0.041,-0.095
1049.963,-0.036,-0.095
1051.503,-0.041,-0.095
1053.043,-0.036,-0.095
1054.583,-0.041,-0.095
1056.124,-0.031,-0.095
1057.664,-0.021,-0.095
1059.204,-0.021,-0.095
1063.192,-0.021,nan
1064.752,-0.026,nan
1063.821,nan,-0.090
1067.874,-0.041,nan
1066.902,-0.051,-0.090
1068.439,-0.051,-0.085
1069.986,-0.056,-0.095
1071.519,-0.051,-0.085
1072.989,nan,nan
1074.529,nan,nan
1076.069,nan,nan
1077.609,nan,nan
1079.149,nan,nan
1080.688,nan,nan
1084.975,-0.005,nan
1086.530,0.005,nan
1085.393,-0.005,-0.090
1086.934,-0.000,-0.085
1088.478,-0.000,-0.085
1090.022,-0.005,-0.085
1094.357,-0.011,nan
1095.916,-0.005,nan
1097.487,-0.016,nan
1099.050,-0.016,nan
1100.617,-0.021,nan
1102.180,-0.021,nan
1103.747,-0.026,nan
1105.310,-0.026,nan
1106.882,-0.036,nan
1108.441,-0.031,nan
1110.004,-0.031,nan
1111.567,-0.031,nan
1110.096,-0.031,-0.085
1114.684,-0.021,nan
1113.189,-0.016,-0.090
1114.733,-0.016,-0.090
1116.277,-0.011,-0.090
1117.821,-0.011,-0.090
1119.366,-0.011,-0.090
1120.910,-0.011,-0.090
1122.427,-0.011,-0.059
1123.971,-0.011,-0.059
1128.746,-0.016,nan
1130.304,-0.011,nan
1131.867,-0.011,nan
1133.435,-0.016,nan
1131.701,-0.016,-0.069
1133.254,-0.016,-0.080
1134.798,-0.011,-0.080
1136.342,-0.011,-0.080
1137.886,-0.021,-0.080
1139.431,-0.021,-0.080
1140.984,-0.026,-0.090
1142.529,-0.031,-0.090
1144.063,-0.031,-0.080
1145.607,-0.036,-0.080
1147.151,-0.036,-0.080
1148.695,-0.036,-0.080
1150.255,-0.031,-0.095
1151.794,-0.041,-0.090
1153.343,-0.031,-0.095
1154.892,-0.031,-0.100
1156.442,-0.031,-0.105
1157.996,-0.031,-0.115
1159.541,-0.031,-0.115
1161.095,-0.031,-0.125
1162.640,-0.031,-0.125
1164.184,-0.031,-0.125
1165.728,-0.031,-0.125
1167.278,-0.031,-0.130
1168.822,-0.031,-0.130
1170.367,-0.031,-0.130
1171.901,-0.026,-0.120
1173.461,-0.026,-0.135
1174.984,-0.021,-0.115
1176.517,-0.021,-0.105
1178.051,-0.016,-0.095
1179.589,-0.021,-0.090
1181.133,-0.026,-0.090
1182.683,-0.031,-0.095
1184.216,-0.031,-0.085
1185.760,-0.041,-0.085
1187.299,-0.041,-0.080
1188.843,-0.031,-0.080
1190.393,-0.031,-0.085
1191.937,-0.031,-0.085
1193.476,-0.031,-0.080
1195.020,-0.021,-0.080
1196.564,-0.016,-0.080
1198.108,-0.021,-0.080
1199.652,-0.021,-0.080
1201.202,-0.021,-0.085
1202.746,-0.031,-0.085
1204.296,-0.026,-0.090
1205.841,-0.021,-0.090
1207.385,-0.026,-0.090
1208.935,-0.026,-0.095
1210.485,-0.021,-0.100
1212.036,-0.016,-0.105
1213.580,-0.016,-0.105
1215.124,-0.011,-0.105
1216.675,-0.005,-0.110
1218.219,0.005,-0.110
1219.763,0.005,-0.110
1221.301,0.005,-0.105
1222.845,0.005,-0.105
1224.383,0.005,-0.100
1225.928,0.005,-0.100
1227.466,-0.005,-0.095
1229.010,-0.000,-0.095
1230.548,-0.011,-0.090
1232.092,-0.016,-0.090
1233.630,-0.031,-0.085
1235.174,-0.026,-0.085
1236.711,-0.026,-0.080
1238.256,-0.026,-0.080
1239.806,-0.031,-0.085
1241.344,-0.026,-0.080
1242.881,-0.026,-0.074
1244.419,-0.026,-0.069
1245.963,-0.031,-0.069
1247.514,-0.031,-0.074
1249.065,-0.031,-0.080
1250.609,-0.031,-0.080
1252.173,-0.031,-0.095
1253.731,-0.031,-0.105
1255.289,-0.031,-0.115
1256.840,-0.031,-0.120
1258.391,-0.036,-0.125
1259.936,-0.036,-0.125
1261.473,-0.031,-0.120
1263.017,-0.036,-0.120
1264.562,-0.036,-0.120
1266.099,-0.036,-0.115
1267.629,-0.036,-0.105
1269.174,-0.041,-0.105
1270.725,-0.036,-0.110
1272.269,-0.041,-0.110
1273.814,-0.041,-0.110
1275.358,-0.036,-0.110
1276.902,-0.041,-0.110
1278.447,-0.041,-0.110
1279.991,-0.031,-0.110
1281.535,-0.031,-0.110
1283.079,-0.021,-0.110
1284.624,-0.021,-0.110
1286.168,-0.021,-0.110
1287.712,-0.031,-0.110
1289.249,-0.036,-0.105
1290.786,-0.036,-0.100
1292.330,-0.041,-0.100
1293.867,-0.041,-0.095
1295.411,-0.051,-0.095
1296.948,-0.051,-0.090
1298.485,-0.046,-0.085
1300.036,-0.046,-0.090
1301.581,-0.051,-0.090
1303.125,-0.051,-0.090
1304.684,-0.046,-0.100
1306.229,-0.046,-0.100
1307.781,-0.051,-0.105
1309.317,-0.046,-0.100
1310.861,-0.046,-0.100
1312.398,-0.046,-0.095
1313.934,-0.041,-0.090
1315.470,-0.041,-0.085
1317.015,-0.041,-0.085
1318.559,-0.041,-0.085
1320.119,-0.041,-0.095
1321.663,-0.041,-0.095
1323.231,-0.041,-0.110
1324.776,-0.041,-0.110
1326.328,-0.041,-0.115
1327.888,-0.041,-0.125
1329.433,-0.041,-0.125
1330.977,-0.041,-0.125
1332.522,-0.041,-0.125
1334.066,-0.041,-0.125
1335.610,-0.041,-0.125
1337.155,-0.041,-0.125
1338.691,-0.041,-0.120
1340.227,-0.041,-0.115
1341.771,-0.041,-0.115
1343.316,-0.041,-0.115
1344.843,-0.041,-0.105
1346.387,-0.041,-0.105
1347.932,-0.041,-0.105
1349.476,-0.041,-0.105
1351.003,-0.046,-0.095
1352.539,-0.046,-0.090
1354.075,-0.046,-0.085
1355.627,-0.046,-0.090
1357.163,-0.046,-0.085
1358.707,-0.046,-0.085
1360.251,-0.041,-0.085
1361.795,-0.046,-0.085
1363.340,-0.041,-0.085
1364.884,-0.041,-0.085
1366.428,-0.041,-0.085
1367.972,-0.041,-0.085
1369.516,-0.041,-0.085
1371.061,-0.046,-0.085
1372.605,-0.041,-0.085
1374.149,-0.046,-0.085
1375.693,-0.041,-0.085
1377.237,-0.041,-0.085
1378.781,-0.036,-0.085
1380.326,-0.041,-0.085
1381.870,-0.036,-0.085
1383.414,-0.036,-0.085
1384.967,-0.036,-0.090
1386.511,-0.036,-0.090
1388.055,-0.036,-0.090
1389.600,-0.036,-0.090
1391.135,-0.036,-0.085
1392.679,-0.036,-0.085
1394.251,-0.041,-0.100
1395.795,-0.041,-0.100
1397.348,-0.041,-0.105
1398.883,-0.041,-0.100
1400.418,-0.061,-0.095
1401.953,nan,-0.090
1403.469,nan,-0.074
1405.032,nan,-0.085
1406.548,nan,-0.069
1408.111,nan,-0.080
1409.352,nan,0.083
1410.895,nan,0.083
1412.365,nan,0.124
1413.884,nan,0.144
1415.278,nan,0.231
1416.747,nan,0.277
1417.925,-0.168,0.475
1419.228,-0.184,0.607
1420.501,nan,0.755
1421.928,nan,0.821
1423.041,-0.214,1.050
1424.751,-0.239,0.969
1425.107,-0.234,1.589
1426.617,-0.239,1.610
1427.419,nan,1.996
1428.928,nan,2.017
1429.746,-0.214,2.393
1431.301,nan,2.388
1432.253,-0.255,2.693
1433.876,-0.204,2.653
1434.766,-0.066,2.988
1436.278,-0.087,3.004
1437.223,-0.117,3.309
1438.993,-0.077,3.192
1439.945,0.056,3.492
1441.505,nan,3.482
1442.643,nan,3.686
1444.112,0.066,3.721
1445.429,0.122,3.833
1446.926,nan,3.853
1448.393,0.162,3.889
1449.890,nan,3.909
1451.448,0.178,3.899
1453.007,0.188,3.889
1454.554,nan,3.884
1456.174,nan,3.843
1457.928,nan,3.736
1459.591,nan,3.675
1461.492,nan,3.497
1463.042,0.178,3.492
1464.822,nan,3.375
1466.519,0.137,3.299
1468.259,nan,3.202
1469.842,nan,3.182
1471.573,nan,3.090
1473.211,0.051,3.044
1474.901,0.030,2.973
1476.508,nan,2.943
1478.210,nan,2.866
1479.753,nan,2.866
1481.361,nan,2.836
1482.915,nan,2.831
1484.447,nan,2.836
1485.980,nan,2.841
1487.491,nan,2.856
1489.034,-0.122,2.856
1490.522,-0.122,2.882
1492.087,nan,2.871
1493.565,-0.122,2.902
1495.108,-0.117,2.902
1496.607,-0.117,2.922
1498.127,-0.133,2.933
1499.615,-0.133,2.958
1501.135,-0.133,2.968
1502.645,-0.117,2.983
1504.165,-0.117,2.994
1505.663,-0.122,3.014
1507.194,-0.128,3.019
1508.691,-0.117,3.039
1510.200,-0.117,3.055
1511.697,nan,3.075
1513.228,-0.097,3.080
1514.747,nan,3.090
1516.289,-0.097,3.090
1517.808,-0.087,3.100
1519.362,-0.087,3.095
1520.904,-0.066,3.095
1522.445,nan,3.095
1523.976,nan,3.100
1525.529,nan,3.095
1527.094,nan,3.085
1528.648,nan,3.080
1530.213,-0.061,3.070
1531.743,-0.046,3.075
1533.297,-0.041,3.070
1534.850,-0.031,3.065
1536.393,-0.036,3.065
1537.935,-0.031,3.065
1539.477,nan,3.065
1541.019,nan,3.065
1542.573,nan,3.060
1544.115,nan,3.060
1545.657,nan,3.060
1547.199,nan,3.060
1548.753,nan,3.055
1550.307,-0.021,3.050
1551.849,-0.031,3.050
1553.391,nan,3.050
1554.933,-0.041,3.050
1556.475,nan,3.050
1558.005,nan,3.055
1559.560,nan,3.050
1561.065,nan,3.065
1562.607,-0.036,3.065
1564.150,-0.046,3.065
1565.692,-0.031,3.065
1567.221,-0.000,3.070
1568.763,-0.016,3.070
1570.305,nan,3.070
1571.835,nan,3.075
1573.365,nan,3.080
1574.907,0.076,3.080
1576.461,0.137,3.075
1578.003,0.091,3.075
1579.669,nan,3.024
1581.162,0.122,3.044
1583.178,0.142,2.851
1585.223,0.157,2.648
1586.968,0.147,2.566
1588.601,nan,2.531
1591.676,nan,1.915
1593.962,0.162,1.620
1596.649,0.152,1.167
1598.766,0.132,0.943
1601.492,nan,0.480
1603.838,nan,0.170
1606.515,nan,-0.268
1608.401,0.005,-0.395
1610.814,0.025,-0.726
1612.705,0.051,-0.853
1614.519,nan,-0.950
1616.360,-0.117,-1.056
1617.884,-0.214,-1.041
1619.408,-0.133,-1.026
1620.852,-0.173,-0.980
1622.282,-0.204,-0.929
1623.766,-0.280,-0.899
1625.115,-0.275,-0.817
1626.744,-0.301,-0.843
1628.079,-0.326,-0.756
1629.157,nan,-0.573
1630.597,-0.306,-0.527
1631.807,-0.311,-0.395
1633.246,-0.306,-0.349
1634.576,-0.275,-0.263
1635.960,-0.265,-0.197
1637.316,-0.224,-0.120
1638.766,-0.239,-0.080
1640.080,-0.184,0.012
1641.570,-0.234,0.037
1643.005,-0.184,0.083
1644.522,-0.194,0.099
1645.970,-0.092,0.139
1647.486,-0.112,0.155
1649.002,nan,0.170
1650.532,-0.117,0.180
1652.076,-0.056,0.185
1653.633,-0.077,0.185
1655.232,-0.021,0.170
1656.803,nan,0.165
1658.444,-0.000,0.134
1660.044,0.015,0.119
1661.685,0.025,0.088
1663.299,0.020,0.068
1664.941,0.035,0.037
1666.542,0.040,0.022
1668.184,0.040,-0.008
1669.828,0.040,-0.039
1671.443,0.051,-0.059
1673.072,0.045,-0.085
1674.659,0.040,-0.095
1676.247,nan,-0.105
1677.877,nan,-0.130
1679.450,nan,-0.135
1681.038,nan,-0.146
1682.597,nan,-0.146
1684.142,nan,-0.141
1685.686,nan,-0.135
1687.231,nan,-0.130
1688.747,nan,-0.115
1690.277,nan,-0.105
1691.806,nan,-0.095
1693.351,nan,-0.090
1694.880,-0.051,-0.080
1696.439,nan,-0.080
1698.012,nan,-0.085
1699.571,nan,-0.085
1701.115,nan,-0.080
1702.718,-0.072,-0.095
1704.277,nan,-0.095
1705.836,-0.082,-0.095
1707.394,-0.082,-0.095
1708.924,-0.082,-0.085
1710.468,-0.082,-0.080
1712.041,-0.082,-0.085
1713.585,-0.082,-0.080
1715.129,-0.082,-0.074
1716.687,-0.077,-0.074
1718.261,nan,-0.080
1719.835,nan,-0.085
1721.394,nan,-0.085
1722.967,nan,-0.090
1724.526,nan,-0.090
1726.100,nan,-0.095
1727.659,nan,-0.095
1729.218,nan,-0.095
1730.807,nan,-0.105
1732.366,nan,-0.105
1733.925,nan,-0.105
1735.484,nan,-0.105
1737.042,nan,-0.105
1738.586,nan,-0.100
1740.145,nan,-0.100
1741.704,-0.066,-0.100
1743.216,nan,-0.085
1744.775,nan,-0.085
1746.349,nan,-0.090
1747.877,nan,-0.080
1749.420,-0.056,-0.074
1750.979,-0.061,-0.074
1752.538,-0.041,-0.074
1754.081,nan,-0.069
1755.624,nan,-0.064
1757.198,-0.061,-0.069
1758.757,nan,-0.069
1760.347,nan,-0.080
1761.921,nan,-0.085
1763.496,nan,-0.090
1765.086,nan,-0.100
1766.661,nan,-0.105
1768.220,nan,-0.105
1769.779,nan,-0.105
1771.337,nan,-0.105
1772.896,nan,-0.105
1774.455,nan,-0.105
1776.014,nan,-0.105
1777.573,-0.061,-0.105
1779.132,nan,-0.105
1780.691,nan,-0.105
1782.249,nan,-0.105
1783.808,nan,-0.105
1785.367,nan,-0.105
1786.926,nan,-0.105
1788.485,nan,-0.105
1790.044,nan,-0.105
1791.603,nan,-0.105
1793.162,-0.051,-0.105
1794.720,nan,-0.105
1796.279,-0.046,-0.105
1797.838,nan,-0.105
1799.381,nan,-0.100
1800.939,nan,-0.100
1802.498,nan,-0.100
1804.041,-0.066,-0.095
1805.599,nan,-0.095
1807.158,-0.041,-0.095
1808.717,-0.041,-0.095
1810.259,nan,-0.090
1811.818,nan,-0.090
1813.377,-0.041,-0.090
1814.936,nan,-0.090
1816.511,nan,-0.095
1818.070,nan,-0.095
1819.629,nan,-0.095
1821.171,nan,-0.090
1822.746,nan,-0.095
1824.305,nan,-0.095
1825.864,nan,-0.095
1827.457,nan,-0.105
1829.015,-0.026,-0.105
1830.591,nan,-0.110
1832.184,nan,-0.120
1833.760,nan,-0.125
1835.319,nan,-0.125
1836.878,-0.046,-0.125
1838.420,-0.041,-0.120
1839.945,-0.041,-0.110
1841.503,nan,-0.110
1843.028,-0.046,-0.100
1844.570,-0.041,-0.095
1846.128,-0.041,-0.095
1847.687,-0.046,-0.095
1849.229,-0.046,-0.090
1850.805,-0.041,-0.095
1852.364,-0.041,-0.095
1853.923,-0.046,-0.095
1855.481,-0.031,-0.095
1857.023,-0.031,-0.090
1858.582,-0.046,-0.090
1860.123,-0.046,-0.085
1861.664,-0.046,-0.080
1863.223,-0.046,-0.080
1864.782,nan,-0.080
1866.323,-0.046,-0.074
1867.881,-0.041,-0.074
1869.440,-0.041,-0.074
1870.999,-0.041,-0.074
1872.558,-0.041,-0.074
1874.134,-0.051,-0.080
1875.710,-0.051,-0.085
1877.269,-0.051,-0.085
1878.828,-0.051,-0.085
1880.422,-0.056,-0.095
1881.981,-0.056,-0.095
1883.558,-0.056,-0.100
1885.135,nan,-0.105
1886.693,nan,-0.105
1888.252,nan,-0.105
1889.829,nan,-0.110
1891.388,-0.036,-0.110
1892.947,nan,-0.110
1894.506,nan,-0.110
1896.065,nan,-0.110
1897.624,nan,-0.110
1899.182,-0.066,-0.110
1900.741,nan,-0.110
1902.300,nan,-0.110
1903.859,-0.041,-0.110
1905.418,nan,-0.110
1906.977,nan,-0.110
1908.536,nan,-0.110
1910.076,-0.041,-0.105
1911.654,-0.041,-0.110
1913.194,nan,-0.105
1914.753,nan,-0.105
1916.312,nan,-0.105
1917.852,nan,-0.100
1919.393,-0.036,-0.095
1920.914,-0.036,-0.085
1922.473,-0.036,-0.085
1924.013,-0.041,-0.080
1925.572,nan,-0.080
1927.131,nan,-0.080
1928.708,nan,-0.085
1930.304,-0.046,-0.095
1931.863,nan,-0.095
1933.441,nan,-0.100
1934.999,nan,-0.100
1936.577,nan,-0.105
1938.155,nan,-0.110
1939.714,nan,-0.110
1941.273,nan,-0.110
1942.888,-0.056,-0.125
1944.447,nan,-0.125
1946.006,nan,-0.125
1947.565,nan,-0.125
1949.124,nan,-0.125
1950.683,nan,-0.125
1952.223,nan,-0.120
1953.782,nan,-0.120
1955.322,nan,-0.115
1956.881,nan,-0.115
1958.420,nan,-0.110
1959.979,nan,-0.110
1961.538,nan,-0.110
1963.097,nan,-0.110
1964.675,nan,-0.115
1966.234,nan,-0.115
1967.774,nan,-0.110
1969.333,nan,-0.110
1970.891,nan,-0.110
1972.450,nan,-0.110
1974.009,nan,-0.110
1975.568,nan,-0.110
1977.127,nan,-0.110
1978.686,nan,-0.110
1980.245,nan,-0.110
1981.804,nan,-0.110
1983.382,nan,-0.115
1984.941,nan,-0.115
1986.500,nan,-0.115
1988.098,nan,-0.125
1989.657,-0.041,-0.125
1991.216,-0.041,-0.125
1992.795,nan,-0.130
1994.354,nan,-0.130
1995.933,nan,-0.135
1997.512,nan,-0.141
1999.091,nan,-0.146
2000.670,nan,-0.151
2002.249,nan,-0.156
2003.828,nan,-0.161
2005.407,nan,-0.166
2006.946,nan,-0.161
2008.485,-0.051,-0.156
2010.004,nan,-0.146
2011.523,nan,-0.135
2013.042,nan,-0.125
2014.601,nan,-0.125
2016.160,nan,-0.125
2017.678,nan,-0.115
2019.237,nan,-0.115
2020.756,nan,-0.105
2022.315,-0.046,-0.105
2023.873,nan,-0.105
2025.432,nan,-0.105
2026.991,nan,-0.105
2028.550,nan,-0.105
2030.129,nan,-0.110
2031.688,-0.066,-0.110
2033.247,nan,-0.110
2034.806,nan,-0.110
2036.365,nan,-0.110
2037.924,nan,-0.110
2039.483,nan,-0.110
2041.042,-0.056,-0.110
2042.621,nan,-0.115
2044.180,nan,-0.115
2045.760,nan,-0.120
2047.319,nan,-0.120
2048.898,nan,-0.125
2050.457,nan,-0.125
2052.016,-0.051,-0.125
2053.575,nan,-0.125
2055.155,nan,-0.130
2056.714,nan,-0.130
2058.294,nan,-0.135
2059.853,nan,-0.135
2061.412,nan,-0.135
2063.013,nan,-0.146
2064.530,nan,-0.135
2066.089,nan,-0.135
2067.606,-0.061,-0.125
2069.186,nan,-0.130
2070.724,-0.102,-0.125
2105.923,nan,-0.120
2107.481,nan,-0.115
2109.020,nan,-0.105
2110.597,-0.158,-0.105
2112.174,-0.148,-0.105
2113.732,nan,-0.100
2115.233,nan,-0.080
2116.676,nan,-0.044
2117.869,nan,0.058
2119.350,nan,0.083
2120.427,nan,0.216
2121.445,nan,0.363
2122.751,nan,0.434
2123.691,nan,0.602
2125.150,-0.270,0.633
2125.838,-0.214,0.867
2127.257,-0.199,0.908
2128.212,-0.133,1.070
2129.302,nan,1.198
2130.237,nan,1.365
2131.325,nan,1.493
2132.008,nan,1.727
2133.383,nan,1.778
2134.083,nan,2.007
2134.859,-0.011,2.215
2135.615,nan,2.429
2136.871,0.096,2.510
2138.147,nan,2.587
2139.209,nan,2.719
2139.555,0.152,3.039
2140.809,nan,3.121
2142.216,0.157,3.161
2142.076,nan,3.609
2144.198,0.198,3.462
2145.487,nan,3.533
2146.195,0.208,3.757
2147.561,nan,3.808
2148.906,nan,3.864
2150.505,nan,3.853
2152.103,nan,3.843
2153.681,nan,3.838
2155.299,0.137,3.823
2156.878,nan,3.818
2158.868,0.127,3.706
2160.486,nan,3.691
2162.576,nan,3.553
2164.333,nan,3.502
2166.406,0.025,3.370
2181.105,nan,nan
2169.824,nan,3.294
2171.722,nan,3.207
2173.720,nan,3.095
2175.521,nan,3.034
2177.521,nan,2.922
2179.263,nan,2.877
2180.927,nan,2.851
2182.530,nan,2.841
2184.214,-0.138,2.810
2185.798,-0.138,2.805
2187.362,nan,2.805
2188.946,-0.138,2.800
2190.469,nan,2.810
2191.993,-0.122,2.821
2193.477,nan,2.841
2195.020,nan,2.846
2196.503,nan,2.866
2209.483,nan,nan
2211.060,nan,nan
2200.972,-0.107,2.922
2202.474,nan,2.938
2203.977,nan,2.953
2217.366,nan,nan
2207.063,-0.087,2.963
2208.484,nan,2.999
2210.087,nan,2.988
2211.549,-0.061,3.014
2213.152,nan,3.004
2214.572,nan,3.039
2216.094,nan,3.050
2217.637,nan,3.055
2219.159,nan,3.065
2220.721,nan,3.065
2222.284,nan,3.065
2223.847,nan,3.065
2225.410,nan,3.065
2226.972,nan,3.065
2228.535,nan,3.065
2230.098,nan,3.065
2231.661,nan,3.065
2233.244,nan,3.060
2234.848,nan,3.050
2236.411,nan,3.050
2237.974,nan,3.050
2239.578,nan,3.039
2241.141,nan,3.039
2242.704,nan,3.039
2244.329,nan,3.024
2245.892,nan,3.024
2247.476,nan,3.019
2249.039,-0.026,3.019
2250.623,nan,3.014
2252.144,nan,3.024
2253.707,nan,3.024
2255.270,nan,3.024
2256.791,nan,3.034
2258.354,nan,3.034
2259.895,nan,3.039
2261.458,nan,3.039
2263.021,nan,3.039
2264.584,nan,3.039
2266.147,nan,3.039
2267.710,nan,3.039
2269.273,nan,3.039
2270.835,nan,3.039
2272.398,nan,3.039
2273.940,nan,3.044
2275.503,-0.051,3.044
2277.066,nan,3.044
2278.628,nan,3.044
2280.127,nan,3.060
2281.711,nan,3.055
2283.253,nan,3.060
2284.794,nan,3.065
2286.357,nan,3.065
2287.919,-0.056,3.065
2289.461,-0.036,3.070
2291.023,-0.036,3.070
2292.608,-0.056,3.065
2294.214,-0.056,3.055
2295.841,nan,3.039
2297.404,nan,3.039
2298.989,nan,3.034
2300.595,nan,3.024
2302.158,nan,3.024
2316.690,nan,nan
2305.327,nan,3.014
2319.843,nan,nan
2321.420,nan,nan
2322.996,nan,nan
2311.601,nan,3.009
2313.164,nan,3.009
2327.726,nan,nan
2316.224,nan,3.024
2317.787,nan,3.024
2319.284,nan,3.039
2320.847,nan,3.039
2322.410,nan,3.039
2323.973,nan,3.039
2325.536,nan,3.039
2327.098,nan,3.039
2328.661,nan,3.039
2330.224,nan,3.039
2331.787,nan,3.039
2333.350,nan,3.039
2334.891,nan,3.044
2336.453,nan,3.044
2338.016,nan,3.044
2339.579,-0.026,3.044
2341.142,-0.026,3.044
2342.705,-0.026,3.044
2344.268,nan,3.044
2345.830,nan,3.044
2347.393,nan,3.044
2348.956,nan,3.044
2350.519,nan,3.044
2352.082,nan,3.044
2353.645,nan,3.044
2355.207,nan,3.044
2356.770,nan,3.044
2358.333,nan,3.044
2359.896,nan,3.044
2361.481,nan,3.039
2363.044,nan,3.039
2378.176,nan,nan
2366.238,nan,3.024
2367.801,nan,3.024
2382.906,nan,nan
2384.483,nan,nan
2386.059,nan,nan
2387.636,nan,nan
2389.212,nan,nan
2407.547,-0.026,nan
2409.141,-0.026,nan
2410.734,-0.026,nan
2381.867,-0.026,3.024
2413.921,-0.026,nan
2415.514,-0.026,nan
2386.487,-0.026,3.039
2388.073,-0.026,3.034
2389.590,-0.026,3.044
2391.153,-0.026,3.044
2392.716,-0.026,3.044
2394.255,nan,3.050
2395.795,nan,3.055
2397.358,nan,3.055
2412.861,nan,nan
2400.484,nan,3.055
2402.023,nan,3.060
2403.586,-0.026,3.060
2405.172,nan,3.055
2406.711,nan,3.060
2408.297,nan,3.055
2409.860,nan,3.055
2411.423,nan,3.055
2412.963,nan,3.060
2414.595,nan,3.044
2416.158,-0.036,3.044
2417.721,-0.051,3.044
2419.284,-0.051,3.044
2420.847,-0.041,3.044
2422.410,-0.026,3.044
2423.972,nan,3.044
2425.535,nan,3.044
2427.098,-0.036,3.044
2428.661,nan,3.044
2430.224,nan,3.044
2431.787,nan,3.044
2433.349,nan,3.044
2434.912,nan,3.044
2436.475,nan,3.044
2438.038,nan,3.044
